product_id,title,description,category
P1000,Gaming Mouse,Shockproof and stylish smartphone case compatible with iPhone and Android,Gaming
P1001,Smartphone Case,High-precision gaming mouse with customizable DPI settings,Fitness
P1002,Gaming Mouse,Eco-friendly and non-slip yoga mat with extra cushioning,Sportswear
P1003,Smartphone Case,Compact digital alarm clock with multiple alarm tones,Home Decor
P1004,Digital Alarm Clock,Double-walled bottle keeps drinks hot or cold for hours,Electronics
P1005,Digital Alarm Clock,Eco-friendly and non-slip yoga mat with extra cushioning,Electronics
P1006,Gaming Mouse,Modern desk lamp with adjustable brightness and LED lighting,Home Appliances
P1007,Yoga Mat,Eco-friendly and non-slip yoga mat with extra cushioning,Home Appliances
P1008,LED Desk Lamp,Comfortable and durable shoes for running and daily wear,Accessories
P1009,Digital Alarm Clock,High-quality wireless headphones with noise cancellation,Grocery
P1010,Yoga Mat,Portable Bluetooth speaker with excellent bass and battery life,Home Appliances
P1011,LED Desk Lamp,Portable Bluetooth speaker with excellent bass and battery life,Grocery
P1012,Yoga Mat,Comfortable and durable shoes for running and daily wear,Gaming
P1013,Smartphone Case,Double-walled bottle keeps drinks hot or cold for hours,Home Appliances
P1014,LED Desk Lamp,Comfortable and durable shoes for running and daily wear,Home Decor
P1015,Wireless Headphones,High-quality wireless headphones with noise cancellation,Grocery
P1016,Stainless Steel Bottle,Freshly roasted organic coffee beans for rich flavor,Grocery
P1017,Wireless Headphones,Eco-friendly and non-slip yoga mat with extra cushioning,Fitness
P1018,Stainless Steel Bottle,Comfortable and durable shoes for running and daily wear,Home Decor
P1019,LED Desk Lamp,Eco-friendly and non-slip yoga mat with extra cushioning,Home Appliances
P1020,Organic Coffee Beans,Eco-friendly and non-slip yoga mat with extra cushioning,Accessories
P1021,Stainless Steel Bottle,Eco-friendly and non-slip yoga mat with extra cushioning,Grocery
P1022,Wireless Headphones,High-quality wireless headphones with noise cancellation,Home Decor
P1023,Yoga Mat,Shockproof and stylish smartphone case compatible with iPhone and Android,Sportswear
P1024,Yoga Mat,Shockproof and stylish smartphone case compatible with iPhone and Android,Gaming
P1025,Organic Coffee Beans,Portable Bluetooth speaker with excellent bass and battery life,Home Audio
P1026,Gaming Mouse,Eco-friendly and non-slip yoga mat with extra cushioning,Gaming
P1027,Wireless Headphones,High-precision gaming mouse with customizable DPI settings,Grocery
P1028,Bluetooth Speaker,Portable Bluetooth speaker with excellent bass and battery life,Home Decor
P1029,Yoga Mat,High-quality wireless headphones with noise cancellation,Grocery
P1030,Stainless Steel Bottle,Modern desk lamp with adjustable brightness and LED lighting,Gaming
P1031,Running Shoes,High-precision gaming mouse with customizable DPI settings,Accessories
P1032,Gaming Mouse,Portable Bluetooth speaker with excellent bass and battery life,Accessories
P1033,Wireless Headphones,Modern desk lamp with adjustable brightness and LED lighting,Accessories
P1034,Yoga Mat,Portable Bluetooth speaker with excellent bass and battery life,Home Audio
P1035,Organic Coffee Beans,High-quality wireless headphones with noise cancellation,Grocery
P1036,Bluetooth Speaker,Freshly roasted organic coffee beans for rich flavor,Home Audio
P1037,Yoga Mat,High-precision gaming mouse with customizable DPI settings,Home Appliances
P1038,Running Shoes,Eco-friendly and non-slip yoga mat with extra cushioning,Accessories
P1039,Gaming Mouse,Modern desk lamp with adjustable brightness and LED lighting,Accessories
P1040,Bluetooth Speaker,Compact digital alarm clock with multiple alarm tones,Grocery
P1041,Running Shoes,Comfortable and durable shoes for running and daily wear,Gaming
P1042,Wireless Headphones,High-precision gaming mouse with customizable DPI settings,Electronics
P1043,Running Shoes,Modern desk lamp with adjustable brightness and LED lighting,Kitchen
P1044,Smartphone Case,Eco-friendly and non-slip yoga mat with extra cushioning,Home Audio
P1045,Yoga Mat,High-quality wireless headphones with noise cancellation,Electronics
P1046,Yoga Mat,Comfortable and durable shoes for running and daily wear,Accessories
P1047,Yoga Mat,High-quality wireless headphones with noise cancellation,Accessories
P1048,Bluetooth Speaker,Modern desk lamp with adjustable brightness and LED lighting,Home Audio
P1049,Gaming Mouse,Comfortable and durable shoes for running and daily wear,Fitness
P1050,Gaming Mouse,Shockproof and stylish smartphone case compatible with iPhone and Android,Home Decor
P1051,Smartphone Case,Compact digital alarm clock with multiple alarm tones,Fitness
P1052,Running Shoes,Double-walled bottle keeps drinks hot or cold for hours,Home Appliances
P1053,Digital Alarm Clock,Double-walled bottle keeps drinks hot or cold for hours,Home Decor
P1054,Digital Alarm Clock,Eco-friendly and non-slip yoga mat with extra cushioning,Home Appliances
P1055,Running Shoes,Shockproof and stylish smartphone case compatible with iPhone and Android,Home Audio
P1056,Wireless Headphones,High-precision gaming mouse with customizable DPI settings,Grocery
P1057,Digital Alarm Clock,Comfortable and durable shoes for running and daily wear,Kitchen
P1058,Organic Coffee Beans,Eco-friendly and non-slip yoga mat with extra cushioning,Sportswear
P1059,Bluetooth Speaker,Modern desk lamp with adjustable brightness and LED lighting,Electronics
P1060,Organic Coffee Beans,Portable Bluetooth speaker with excellent bass and battery life,Fitness
P1061,Running Shoes,High-precision gaming mouse with customizable DPI settings,Grocery
P1062,Bluetooth Speaker,Compact digital alarm clock with multiple alarm tones,Accessories
P1063,Wireless Headphones,High-quality wireless headphones with noise cancellation,Fitness
P1064,LED Desk Lamp,Shockproof and stylish smartphone case compatible with iPhone and Android,Electronics
P1065,Bluetooth Speaker,Eco-friendly and non-slip yoga mat with extra cushioning,Accessories
P1066,Running Shoes,Comfortable and durable shoes for running and daily wear,Kitchen
P1067,Running Shoes,Modern desk lamp with adjustable brightness and LED lighting,Accessories
P1068,LED Desk Lamp,High-precision gaming mouse with customizable DPI settings,Electronics
P1069,Wireless Headphones,Compact digital alarm clock with multiple alarm tones,Grocery
P1070,Bluetooth Speaker,Double-walled bottle keeps drinks hot or cold for hours,Grocery
P1071,Organic Coffee Beans,Double-walled bottle keeps drinks hot or cold for hours,Fitness
P1072,Stainless Steel Bottle,Portable Bluetooth speaker with excellent bass and battery life,Home Audio
P1073,Bluetooth Speaker,High-quality wireless headphones with noise cancellation,Home Audio
P1074,Bluetooth Speaker,Modern desk lamp with adjustable brightness and LED lighting,Sportswear
P1075,LED Desk Lamp,Eco-friendly and non-slip yoga mat with extra cushioning,Electronics
P1076,Gaming Mouse,High-precision gaming mouse with customizable DPI settings,Electronics
P1077,Wireless Headphones,Shockproof and stylish smartphone case compatible with iPhone and Android,Fitness
P1078,Running Shoes,Portable Bluetooth speaker with excellent bass and battery life,Kitchen
P1079,Digital Alarm Clock,Shockproof and stylish smartphone case compatible with iPhone and Android,Electronics
P1080,Bluetooth Speaker,Compact digital alarm clock with multiple alarm tones,Sportswear
P1081,Running Shoes,High-quality wireless headphones with noise cancellation,Home Audio
P1082,Digital Alarm Clock,Portable Bluetooth speaker with excellent bass and battery life,Accessories
P1083,LED Desk Lamp,Comfortable and durable shoes for running and daily wear,Grocery
P1084,Organic Coffee Beans,Double-walled bottle keeps drinks hot or cold for hours,Home Appliances
P1085,Running Shoes,Compact digital alarm clock with multiple alarm tones,Home Appliances
P1086,LED Desk Lamp,Double-walled bottle keeps drinks hot or cold for hours,Kitchen
P1087,Yoga Mat,Compact digital alarm clock with multiple alarm tones,Accessories
P1088,Bluetooth Speaker,High-precision gaming mouse with customizable DPI settings,Fitness
P1089,LED Desk Lamp,Freshly roasted organic coffee beans for rich flavor,Grocery
P1090,Stainless Steel Bottle,Double-walled bottle keeps drinks hot or cold for hours,Fitness
P1091,Digital Alarm Clock,Comfortable and durable shoes for running and daily wear,Home Decor
P1092,LED Desk Lamp,Shockproof and stylish smartphone case compatible with iPhone and Android,Fitness
P1093,Digital Alarm Clock,Comfortable and durable shoes for running and daily wear,Accessories
P1094,LED Desk Lamp,Compact digital alarm clock with multiple alarm tones,Electronics
P1095,Running Shoes,Portable Bluetooth speaker with excellent bass and battery life,Fitness
P1096,Bluetooth Speaker,Portable Bluetooth speaker with excellent bass and battery life,Home Decor
P1097,Organic Coffee Beans,Eco-friendly and non-slip yoga mat with extra cushioning,Home Audio
P1098,Gaming Mouse,Compact digital alarm clock with multiple alarm tones,Gaming
P1099,Wireless Headphones,Double-walled bottle keeps drinks hot or cold for hours,Kitchen
P1100,Bluetooth Speaker,Eco-friendly and non-slip yoga mat with extra cushioning,Fitness
P1101,Digital Alarm Clock,High-precision gaming mouse with customizable DPI settings,Home Audio
P1102,Gaming Mouse,Compact digital alarm clock with multiple alarm tones,Electronics
P1103,Smartphone Case,High-quality wireless headphones with noise cancellation,Home Audio
P1104,Bluetooth Speaker,Double-walled bottle keeps drinks hot or cold for hours,Sportswear
P1105,LED Desk Lamp,High-quality wireless headphones with noise cancellation,Accessories
P1106,Wireless Headphones,Portable Bluetooth speaker with excellent bass and battery life,Sportswear
P1107,Wireless Headphones,High-quality wireless headphones with noise cancellation,Grocery
P1108,Gaming Mouse,Portable Bluetooth speaker with excellent bass and battery life,Accessories
P1109,Running Shoes,Portable Bluetooth speaker with excellent bass and battery life,Home Decor
P1110,Digital Alarm Clock,High-quality wireless headphones with noise cancellation,Sportswear
P1111,Gaming Mouse,Comfortable and durable shoes for running and daily wear,Kitchen
P1112,Smartphone Case,Compact digital alarm clock with multiple alarm tones,Kitchen
P1113,Running Shoes,High-precision gaming mouse with customizable DPI settings,Accessories
P1114,Digital Alarm Clock,Compact digital alarm clock with multiple alarm tones,Electronics
P1115,Organic Coffee Beans,Shockproof and stylish smartphone case compatible with iPhone and Android,Home Appliances
P1116,Stainless Steel Bottle,Eco-friendly and non-slip yoga mat with extra cushioning,Electronics
P1117,Digital Alarm Clock,Double-walled bottle keeps drinks hot or cold for hours,Home Decor
P1118,Stainless Steel Bottle,Modern desk lamp with adjustable brightness and LED lighting,Kitchen
P1119,LED Desk Lamp,Comfortable and durable shoes for running and daily wear,Accessories
P1120,Yoga Mat,Double-walled bottle keeps drinks hot or cold for hours,Gaming
P1121,Organic Coffee Beans,Shockproof and stylish smartphone case compatible with iPhone and Android,Kitchen
P1122,Organic Coffee Beans,Eco-friendly and non-slip yoga mat with extra cushioning,Gaming
P1123,Gaming Mouse,Comfortable and durable shoes for running and daily wear,Home Decor
P1124,LED Desk Lamp,Shockproof and stylish smartphone case compatible with iPhone and Android,Home Decor
P1125,Yoga Mat,Portable Bluetooth speaker with excellent bass and battery life,Sportswear
P1126,Wireless Headphones,Freshly roasted organic coffee beans for rich flavor,Electronics
P1127,Stainless Steel Bottle,Eco-friendly and non-slip yoga mat with extra cushioning,Sportswear
P1128,Yoga Mat,Compact digital alarm clock with multiple alarm tones,Sportswear
P1129,Smartphone Case,Eco-friendly and non-slip yoga mat with extra cushioning,Home Appliances
P1130,Stainless Steel Bottle,Compact digital alarm clock with multiple alarm tones,Kitchen
P1131,Gaming Mouse,Portable Bluetooth speaker with excellent bass and battery life,Kitchen
P1132,Smartphone Case,Freshly roasted organic coffee beans for rich flavor,Kitchen
P1133,Digital Alarm Clock,Comfortable and durable shoes for running and daily wear,Gaming
P1134,Stainless Steel Bottle,Compact digital alarm clock with multiple alarm tones,Kitchen
P1135,Digital Alarm Clock,Freshly roasted organic coffee beans for rich flavor,Electronics
P1136,Digital Alarm Clock,Double-walled bottle keeps drinks hot or cold for hours,Kitchen
P1137,Stainless Steel Bottle,Freshly roasted organic coffee beans for rich flavor,Home Audio
P1138,Bluetooth Speaker,Modern desk lamp with adjustable brightness and LED lighting,Home Audio
P1139,Running Shoes,High-precision gaming mouse with customizable DPI settings,Kitchen
P1140,Bluetooth Speaker,Shockproof and stylish smartphone case compatible with iPhone and Android,Accessories
P1141,Digital Alarm Clock,Double-walled bottle keeps drinks hot or cold for hours,Gaming
P1142,Smartphone Case,Freshly roasted organic coffee beans for rich flavor,Home Appliances
P1143,Running Shoes,Eco-friendly and non-slip yoga mat with extra cushioning,Fitness
P1144,Organic Coffee Beans,Freshly roasted organic coffee beans for rich flavor,Electronics
P1145,Smartphone Case,Shockproof and stylish smartphone case compatible with iPhone and Android,Gaming
P1146,Organic Coffee Beans,Comfortable and durable shoes for running and daily wear,Accessories
P1147,Stainless Steel Bottle,High-quality wireless headphones with noise cancellation,Accessories
P1148,LED Desk Lamp,Double-walled bottle keeps drinks hot or cold for hours,Home Audio
P1149,Digital Alarm Clock,Modern desk lamp with adjustable brightness and LED lighting,Grocery
P1150,Wireless Headphones,High-quality wireless headphones with noise cancellation,Sportswear
P1151,Bluetooth Speaker,High-quality wireless headphones with noise cancellation,Electronics
P1152,Stainless Steel Bottle,Shockproof and stylish smartphone case compatible with iPhone and Android,Grocery
P1153,Digital Alarm Clock,Comfortable and durable shoes for running and daily wear,Home Audio
P1154,Digital Alarm Clock,Freshly roasted organic coffee beans for rich flavor,Home Appliances
P1155,Wireless Headphones,Compact digital alarm clock with multiple alarm tones,Home Decor
P1156,Yoga Mat,Modern desk lamp with adjustable brightness and LED lighting,Home Decor
P1157,Smartphone Case,High-precision gaming mouse with customizable DPI settings,Fitness
P1158,Yoga Mat,Eco-friendly and non-slip yoga mat with extra cushioning,Grocery
P1159,LED Desk Lamp,Double-walled bottle keeps drinks hot or cold for hours,Home Appliances
P1160,Running Shoes,Compact digital alarm clock with multiple alarm tones,Fitness
P1161,Organic Coffee Beans,Double-walled bottle keeps drinks hot or cold for hours,Sportswear
P1162,Digital Alarm Clock,Double-walled bottle keeps drinks hot or cold for hours,Fitness
P1163,Organic Coffee Beans,Compact digital alarm clock with multiple alarm tones,Sportswear
P1164,Yoga Mat,Eco-friendly and non-slip yoga mat with extra cushioning,Electronics
P1165,Stainless Steel Bottle,Shockproof and stylish smartphone case compatible with iPhone and Android,Gaming
P1166,Smartphone Case,Comfortable and durable shoes for running and daily wear,Electronics
P1167,Gaming Mouse,Eco-friendly and non-slip yoga mat with extra cushioning,Kitchen
P1168,Smartphone Case,Shockproof and stylish smartphone case compatible with iPhone and Android,Gaming
P1169,Organic Coffee Beans,High-quality wireless headphones with noise cancellation,Kitchen
P1170,LED Desk Lamp,Freshly roasted organic coffee beans for rich flavor,Kitchen
P1171,Yoga Mat,Portable Bluetooth speaker with excellent bass and battery life,Grocery
P1172,Gaming Mouse,Double-walled bottle keeps drinks hot or cold for hours,Home Appliances
P1173,Bluetooth Speaker,High-quality wireless headphones with noise cancellation,Home Decor
P1174,Bluetooth Speaker,Shockproof and stylish smartphone case compatible with iPhone and Android,Kitchen
P1175,Yoga Mat,Compact digital alarm clock with multiple alarm tones,Sportswear
P1176,Gaming Mouse,Double-walled bottle keeps drinks hot or cold for hours,Fitness
P1177,Yoga Mat,Portable Bluetooth speaker with excellent bass and battery life,Home Decor
P1178,Stainless Steel Bottle,Double-walled bottle keeps drinks hot or cold for hours,Fitness
P1179,Wireless Headphones,Double-walled bottle keeps drinks hot or cold for hours,Home Appliances
P1180,LED Desk Lamp,Eco-friendly and non-slip yoga mat with extra cushioning,Electronics
P1181,Bluetooth Speaker,High-precision gaming mouse with customizable DPI settings,Home Audio
P1182,Organic Coffee Beans,Modern desk lamp with adjustable brightness and LED lighting,Grocery
P1183,Gaming Mouse,Compact digital alarm clock with multiple alarm tones,Grocery
P1184,Running Shoes,Shockproof and stylish smartphone case compatible with iPhone and Android,Home Audio
P1185,LED Desk Lamp,Shockproof and stylish smartphone case compatible with iPhone and Android,Home Appliances
P1186,Smartphone Case,Freshly roasted organic coffee beans for rich flavor,Grocery
P1187,Smartphone Case,High-quality wireless headphones with noise cancellation,Home Decor
P1188,Yoga Mat,Shockproof and stylish smartphone case compatible with iPhone and Android,Sportswear
P1189,Organic Coffee Beans,Shockproof and stylish smartphone case compatible with iPhone and Android,Electronics
P1190,Wireless Headphones,Shockproof and stylish smartphone case compatible with iPhone and Android,Electronics
P1191,Smartphone Case,Double-walled bottle keeps drinks hot or cold for hours,Home Decor
P1192,Gaming Mouse,Comfortable and durable shoes for running and daily wear,Sportswear
P1193,Organic Coffee Beans,Modern desk lamp with adjustable brightness and LED lighting,Electronics
P1194,Organic Coffee Beans,Freshly roasted organic coffee beans for rich flavor,Home Appliances
P1195,Smartphone Case,Modern desk lamp with adjustable brightness and LED lighting,Accessories
P1196,Bluetooth Speaker,Comfortable and durable shoes for running and daily wear,Kitchen
P1197,Yoga Mat,Double-walled bottle keeps drinks hot or cold for hours,Electronics
P1198,Organic Coffee Beans,Compact digital alarm clock with multiple alarm tones,Sportswear
P1199,Stainless Steel Bottle,High-quality wireless headphones with noise cancellation,Grocery
P1200,Wireless Headphones,Double-walled bottle keeps drinks hot or cold for hours,Kitchen
P1201,Running Shoes,Double-walled bottle keeps drinks hot or cold for hours,Kitchen
P1202,Stainless Steel Bottle,High-precision gaming mouse with customizable DPI settings,Grocery
P1203,Digital Alarm Clock,Comfortable and durable shoes for running and daily wear,Gaming
P1204,Gaming Mouse,Comfortable and durable shoes for running and daily wear,Gaming
P1205,Organic Coffee Beans,Eco-friendly and non-slip yoga mat with extra cushioning,Sportswear
P1206,Wireless Headphones,Modern desk lamp with adjustable brightness and LED lighting,Kitchen
P1207,Yoga Mat,Eco-friendly and non-slip yoga mat with extra cushioning,Kitchen
P1208,LED Desk Lamp,High-quality wireless headphones with noise cancellation,Kitchen
P1209,Running Shoes,High-precision gaming mouse with customizable DPI settings,Fitness
P1210,Running Shoes,Freshly roasted organic coffee beans for rich flavor,Home Audio
P1211,Bluetooth Speaker,Double-walled bottle keeps drinks hot or cold for hours,Gaming
P1212,Smartphone Case,Double-walled bottle keeps drinks hot or cold for hours,Sportswear
P1213,Yoga Mat,Portable Bluetooth speaker with excellent bass and battery life,Sportswear
P1214,Gaming Mouse,Double-walled bottle keeps drinks hot or cold for hours,Sportswear
P1215,Smartphone Case,Double-walled bottle keeps drinks hot or cold for hours,Home Decor
P1216,Digital Alarm Clock,Freshly roasted organic coffee beans for rich flavor,Accessories
P1217,Bluetooth Speaker,Modern desk lamp with adjustable brightness and LED lighting,Home Decor
P1218,Bluetooth Speaker,High-quality wireless headphones with noise cancellation,Fitness
P1219,Organic Coffee Beans,Freshly roasted organic coffee beans for rich flavor,Fitness
P1220,Running Shoes,Compact digital alarm clock with multiple alarm tones,Fitness
P1221,Yoga Mat,Double-walled bottle keeps drinks hot or cold for hours,Accessories
P1222,Running Shoes,Double-walled bottle keeps drinks hot or cold for hours,Sportswear
P1223,Running Shoes,Double-walled bottle keeps drinks hot or cold for hours,Grocery
P1224,Digital Alarm Clock,Shockproof and stylish smartphone case compatible with iPhone and Android,Fitness
P1225,Stainless Steel Bottle,Portable Bluetooth speaker with excellent bass and battery life,Grocery
P1226,Yoga Mat,Modern desk lamp with adjustable brightness and LED lighting,Home Audio
P1227,Yoga Mat,High-precision gaming mouse with customizable DPI settings,Kitchen
P1228,Running Shoes,Double-walled bottle keeps drinks hot or cold for hours,Grocery
P1229,Stainless Steel Bottle,Freshly roasted organic coffee beans for rich flavor,Home Audio
P1230,LED Desk Lamp,Comfortable and durable shoes for running and daily wear,Gaming
P1231,LED Desk Lamp,Compact digital alarm clock with multiple alarm tones,Sportswear
P1232,Bluetooth Speaker,Shockproof and stylish smartphone case compatible with iPhone and Android,Grocery
P1233,Yoga Mat,Double-walled bottle keeps drinks hot or cold for hours,Sportswear
P1234,Bluetooth Speaker,Modern desk lamp with adjustable brightness and LED lighting,Accessories
P1235,Bluetooth Speaker,Eco-friendly and non-slip yoga mat with extra cushioning,Sportswear
P1236,Smartphone Case,Comfortable and durable shoes for running and daily wear,Home Audio
P1237,Smartphone Case,Shockproof and stylish smartphone case compatible with iPhone and Android,Accessories
P1238,Stainless Steel Bottle,Compact digital alarm clock with multiple alarm tones,Sportswear
P1239,Organic Coffee Beans,Eco-friendly and non-slip yoga mat with extra cushioning,Kitchen
P1240,Gaming Mouse,Compact digital alarm clock with multiple alarm tones,Kitchen
P1241,Gaming Mouse,Shockproof and stylish smartphone case compatible with iPhone and Android,Sportswear
P1242,Smartphone Case,High-precision gaming mouse with customizable DPI settings,Home Decor
P1243,Bluetooth Speaker,Eco-friendly and non-slip yoga mat with extra cushioning,Home Decor
P1244,Gaming Mouse,Portable Bluetooth speaker with excellent bass and battery life,Home Appliances
P1245,Running Shoes,Freshly roasted organic coffee beans for rich flavor,Sportswear
P1246,Smartphone Case,Comfortable and durable shoes for running and daily wear,Fitness
P1247,Wireless Headphones,High-quality wireless headphones with noise cancellation,Home Appliances
P1248,Wireless Headphones,Eco-friendly and non-slip yoga mat with extra cushioning,Kitchen
P1249,LED Desk Lamp,Eco-friendly and non-slip yoga mat with extra cushioning,Kitchen
P1250,Stainless Steel Bottle,Compact digital alarm clock with multiple alarm tones,Gaming
P1251,LED Desk Lamp,Double-walled bottle keeps drinks hot or cold for hours,Accessories
P1252,Stainless Steel Bottle,Portable Bluetooth speaker with excellent bass and battery life,Home Audio
P1253,Wireless Headphones,Eco-friendly and non-slip yoga mat with extra cushioning,Electronics
P1254,Organic Coffee Beans,Freshly roasted organic coffee beans for rich flavor,Home Decor
P1255,Digital Alarm Clock,High-quality wireless headphones with noise cancellation,Gaming
P1256,Yoga Mat,Compact digital alarm clock with multiple alarm tones,Home Appliances
P1257,Running Shoes,Modern desk lamp with adjustable brightness and LED lighting,Kitchen
P1258,Bluetooth Speaker,High-precision gaming mouse with customizable DPI settings,Kitchen
P1259,Smartphone Case,Double-walled bottle keeps drinks hot or cold for hours,Electronics
P1260,Yoga Mat,Eco-friendly and non-slip yoga mat with extra cushioning,Accessories
P1261,Gaming Mouse,High-precision gaming mouse with customizable DPI settings,Home Decor
P1262,Smartphone Case,Portable Bluetooth speaker with excellent bass and battery life,Sportswear
P1263,Yoga Mat,Comfortable and durable shoes for running and daily wear,Home Audio
P1264,Yoga Mat,Portable Bluetooth speaker with excellent bass and battery life,Gaming
P1265,Yoga Mat,Shockproof and stylish smartphone case compatible with iPhone and Android,Grocery
P1266,Smartphone Case,Eco-friendly and non-slip yoga mat with extra cushioning,Fitness
P1267,LED Desk Lamp,High-quality wireless headphones with noise cancellation,Home Audio
P1268,Wireless Headphones,Freshly roasted organic coffee beans for rich flavor,Home Audio
P1269,LED Desk Lamp,Modern desk lamp with adjustable brightness and LED lighting,Sportswear
P1270,Organic Coffee Beans,Compact digital alarm clock with multiple alarm tones,Fitness
P1271,Bluetooth Speaker,Freshly roasted organic coffee beans for rich flavor,Grocery
P1272,Digital Alarm Clock,High-precision gaming mouse with customizable DPI settings,Home Decor
P1273,Digital Alarm Clock,High-quality wireless headphones with noise cancellation,Grocery
P1274,Smartphone Case,Shockproof and stylish smartphone case compatible with iPhone and Android,Accessories
P1275,Gaming Mouse,Freshly roasted organic coffee beans for rich flavor,Accessories
P1276,Digital Alarm Clock,Comfortable and durable shoes for running and daily wear,Kitchen
P1277,Stainless Steel Bottle,Comfortable and durable shoes for running and daily wear,Gaming
P1278,Smartphone Case,Shockproof and stylish smartphone case compatible with iPhone and Android,Kitchen
P1279,Bluetooth Speaker,Freshly roasted organic coffee beans for rich flavor,Home Decor
P1280,Stainless Steel Bottle,Shockproof and stylish smartphone case compatible with iPhone and Android,Accessories
P1281,Gaming Mouse,Double-walled bottle keeps drinks hot or cold for hours,Home Decor
P1282,Stainless Steel Bottle,Double-walled bottle keeps drinks hot or cold for hours,Gaming
P1283,Wireless Headphones,Double-walled bottle keeps drinks hot or cold for hours,Accessories
P1284,Yoga Mat,Compact digital alarm clock with multiple alarm tones,Sportswear
P1285,Bluetooth Speaker,Portable Bluetooth speaker with excellent bass and battery life,Fitness
P1286,Bluetooth Speaker,High-precision gaming mouse with customizable DPI settings,Kitchen
P1287,Yoga Mat,High-precision gaming mouse with customizable DPI settings,Accessories
P1288,Digital Alarm Clock,Portable Bluetooth speaker with excellent bass and battery life,Home Audio
P1289,Bluetooth Speaker,Modern desk lamp with adjustable brightness and LED lighting,Sportswear
P1290,LED Desk Lamp,High-precision gaming mouse with customizable DPI settings,Gaming
P1291,Gaming Mouse,High-precision gaming mouse with customizable DPI settings,Grocery
P1292,Yoga Mat,Shockproof and stylish smartphone case compatible with iPhone and Android,Accessories
P1293,LED Desk Lamp,Freshly roasted organic coffee beans for rich flavor,Kitchen
P1294,Yoga Mat,High-precision gaming mouse with customizable DPI settings,Grocery
P1295,Yoga Mat,Double-walled bottle keeps drinks hot or cold for hours,Fitness
P1296,Digital Alarm Clock,High-quality wireless headphones with noise cancellation,Home Appliances
P1297,Stainless Steel Bottle,High-precision gaming mouse with customizable DPI settings,Home Audio
P1298,Yoga Mat,High-precision gaming mouse with customizable DPI settings,Gaming
P1299,Gaming Mouse,High-precision gaming mouse with customizable DPI settings,Grocery
P1300,Smartphone Case,Shockproof and stylish smartphone case compatible with iPhone and Android,Kitchen
P1301,Gaming Mouse,Shockproof and stylish smartphone case compatible with iPhone and Android,Kitchen
P1302,Organic Coffee Beans,High-quality wireless headphones with noise cancellation,Accessories
P1303,Wireless Headphones,Shockproof and stylish smartphone case compatible with iPhone and Android,Gaming
P1304,Wireless Headphones,Modern desk lamp with adjustable brightness and LED lighting,Kitchen
P1305,Stainless Steel Bottle,Portable Bluetooth speaker with excellent bass and battery life,Home Appliances
P1306,Gaming Mouse,High-precision gaming mouse with customizable DPI settings,Kitchen
P1307,LED Desk Lamp,Freshly roasted organic coffee beans for rich flavor,Fitness
P1308,Digital Alarm Clock,Compact digital alarm clock with multiple alarm tones,Home Appliances
P1309,Organic Coffee Beans,Comfortable and durable shoes for running and daily wear,Home Decor
P1310,LED Desk Lamp,Freshly roasted organic coffee beans for rich flavor,Home Audio
P1311,Wireless Headphones,Portable Bluetooth speaker with excellent bass and battery life,Sportswear
P1312,Yoga Mat,Compact digital alarm clock with multiple alarm tones,Gaming
P1313,Bluetooth Speaker,Double-walled bottle keeps drinks hot or cold for hours,Electronics
P1314,Yoga Mat,Modern desk lamp with adjustable brightness and LED lighting,Home Appliances
P1315,Gaming Mouse,High-quality wireless headphones with noise cancellation,Kitchen
P1316,LED Desk Lamp,Double-walled bottle keeps drinks hot or cold for hours,Home Appliances
P1317,Wireless Headphones,Freshly roasted organic coffee beans for rich flavor,Gaming
P1318,Organic Coffee Beans,High-precision gaming mouse with customizable DPI settings,Home Appliances
P1319,Yoga Mat,High-quality wireless headphones with noise cancellation,Accessories
P1320,Yoga Mat,Compact digital alarm clock with multiple alarm tones,Kitchen
P1321,Bluetooth Speaker,High-precision gaming mouse with customizable DPI settings,Home Audio
P1322,Digital Alarm Clock,High-quality wireless headphones with noise cancellation,Home Appliances
P1323,Organic Coffee Beans,High-quality wireless headphones with noise cancellation,Kitchen
P1324,Smartphone Case,Shockproof and stylish smartphone case compatible with iPhone and Android,Fitness
P1325,Digital Alarm Clock,Shockproof and stylish smartphone case compatible with iPhone and Android,Grocery
P1326,Wireless Headphones,Portable Bluetooth speaker with excellent bass and battery life,Fitness
P1327,Yoga Mat,Shockproof and stylish smartphone case compatible with iPhone and Android,Grocery
P1328,Gaming Mouse,Compact digital alarm clock with multiple alarm tones,Accessories
P1329,Yoga Mat,Compact digital alarm clock with multiple alarm tones,Home Appliances
P1330,Smartphone Case,Modern desk lamp with adjustable brightness and LED lighting,Sportswear
P1331,LED Desk Lamp,Comfortable and durable shoes for running and daily wear,Home Decor
P1332,Yoga Mat,Portable Bluetooth speaker with excellent bass and battery life,Gaming
P1333,Stainless Steel Bottle,Modern desk lamp with adjustable brightness and LED lighting,Electronics
P1334,Gaming Mouse,Shockproof and stylish smartphone case compatible with iPhone and Android,Accessories
P1335,Smartphone Case,High-precision gaming mouse with customizable DPI settings,Fitness
P1336,LED Desk Lamp,High-quality wireless headphones with noise cancellation,Gaming
P1337,Running Shoes,Portable Bluetooth speaker with excellent bass and battery life,Grocery
P1338,Running Shoes,Shockproof and stylish smartphone case compatible with iPhone and Android,Fitness
P1339,Yoga Mat,High-precision gaming mouse with customizable DPI settings,Accessories
P1340,Gaming Mouse,Shockproof and stylish smartphone case compatible with iPhone and Android,Home Audio
P1341,LED Desk Lamp,High-quality wireless headphones with noise cancellation,Kitchen
P1342,Gaming Mouse,Freshly roasted organic coffee beans for rich flavor,Grocery
P1343,Stainless Steel Bottle,Portable Bluetooth speaker with excellent bass and battery life,Home Decor
P1344,LED Desk Lamp,High-quality wireless headphones with noise cancellation,Home Audio
P1345,Running Shoes,Compact digital alarm clock with multiple alarm tones,Home Decor
P1346,Gaming Mouse,Eco-friendly and non-slip yoga mat with extra cushioning,Electronics
P1347,LED Desk Lamp,High-quality wireless headphones with noise cancellation,Accessories
P1348,LED Desk Lamp,High-precision gaming mouse with customizable DPI settings,Home Audio
P1349,Gaming Mouse,Comfortable and durable shoes for running and daily wear,Electronics
P1350,Organic Coffee Beans,High-quality wireless headphones with noise cancellation,Gaming
P1351,Yoga Mat,High-quality wireless headphones with noise cancellation,Kitchen
P1352,Running Shoes,Freshly roasted organic coffee beans for rich flavor,Gaming
P1353,Yoga Mat,Freshly roasted organic coffee beans for rich flavor,Home Decor
P1354,Gaming Mouse,High-precision gaming mouse with customizable DPI settings,Sportswear
P1355,LED Desk Lamp,Compact digital alarm clock with multiple alarm tones,Kitchen
P1356,Running Shoes,Compact digital alarm clock with multiple alarm tones,Fitness
P1357,Smartphone Case,Eco-friendly and non-slip yoga mat with extra cushioning,Home Audio
P1358,Wireless Headphones,Compact digital alarm clock with multiple alarm tones,Accessories
P1359,LED Desk Lamp,High-precision gaming mouse with customizable DPI settings,Fitness
P1360,Wireless Headphones,Shockproof and stylish smartphone case compatible with iPhone and Android,Gaming
P1361,Smartphone Case,High-precision gaming mouse with customizable DPI settings,Gaming
P1362,Running Shoes,Modern desk lamp with adjustable brightness and LED lighting,Kitchen
P1363,Wireless Headphones,Modern desk lamp with adjustable brightness and LED lighting,Electronics
P1364,LED Desk Lamp,Comfortable and durable shoes for running and daily wear,Home Audio
P1365,Organic Coffee Beans,Portable Bluetooth speaker with excellent bass and battery life,Accessories
P1366,Gaming Mouse,Modern desk lamp with adjustable brightness and LED lighting,Sportswear
P1367,Gaming Mouse,Portable Bluetooth speaker with excellent bass and battery life,Home Decor
P1368,Bluetooth Speaker,Compact digital alarm clock with multiple alarm tones,Home Audio
P1369,Digital Alarm Clock,Compact digital alarm clock with multiple alarm tones,Accessories
P1370,Bluetooth Speaker,Eco-friendly and non-slip yoga mat with extra cushioning,Home Appliances
P1371,Organic Coffee Beans,Freshly roasted organic coffee beans for rich flavor,Electronics
P1372,Smartphone Case,Modern desk lamp with adjustable brightness and LED lighting,Home Decor
P1373,Wireless Headphones,Shockproof and stylish smartphone case compatible with iPhone and Android,Gaming
P1374,Gaming Mouse,Shockproof and stylish smartphone case compatible with iPhone and Android,Fitness
P1375,Running Shoes,Freshly roasted organic coffee beans for rich flavor,Sportswear
P1376,Stainless Steel Bottle,Modern desk lamp with adjustable brightness and LED lighting,Fitness
P1377,Stainless Steel Bottle,Double-walled bottle keeps drinks hot or cold for hours,Home Decor
P1378,Organic Coffee Beans,Shockproof and stylish smartphone case compatible with iPhone and Android,Sportswear
P1379,LED Desk Lamp,Compact digital alarm clock with multiple alarm tones,Grocery
P1380,Running Shoes,Modern desk lamp with adjustable brightness and LED lighting,Sportswear
P1381,Running Shoes,Freshly roasted organic coffee beans for rich flavor,Gaming
P1382,Running Shoes,Compact digital alarm clock with multiple alarm tones,Home Audio
P1383,Yoga Mat,Shockproof and stylish smartphone case compatible with iPhone and Android,Gaming
P1384,LED Desk Lamp,Modern desk lamp with adjustable brightness and LED lighting,Grocery
P1385,LED Desk Lamp,Portable Bluetooth speaker with excellent bass and battery life,Home Audio
P1386,Gaming Mouse,Shockproof and stylish smartphone case compatible with iPhone and Android,Fitness
P1387,Stainless Steel Bottle,Double-walled bottle keeps drinks hot or cold for hours,Fitness
P1388,Organic Coffee Beans,Eco-friendly and non-slip yoga mat with extra cushioning,Grocery
P1389,Digital Alarm Clock,High-quality wireless headphones with noise cancellation,Gaming
P1390,Gaming Mouse,Comfortable and durable shoes for running and daily wear,Home Audio
P1391,Smartphone Case,Freshly roasted organic coffee beans for rich flavor,Home Audio
P1392,Running Shoes,Eco-friendly and non-slip yoga mat with extra cushioning,Electronics
P1393,Gaming Mouse,High-quality wireless headphones with noise cancellation,Gaming
P1394,Organic Coffee Beans,Eco-friendly and non-slip yoga mat with extra cushioning,Home Audio
P1395,Bluetooth Speaker,Shockproof and stylish smartphone case compatible with iPhone and Android,Home Decor
P1396,Organic Coffee Beans,Compact digital alarm clock with multiple alarm tones,Electronics
P1397,Stainless Steel Bottle,High-precision gaming mouse with customizable DPI settings,Gaming
P1398,Smartphone Case,Comfortable and durable shoes for running and daily wear,Accessories
P1399,Bluetooth Speaker,Compact digital alarm clock with multiple alarm tones,Home Appliances
P1400,Running Shoes,High-precision gaming mouse with customizable DPI settings,Fitness
P1401,LED Desk Lamp,Shockproof and stylish smartphone case compatible with iPhone and Android,Home Appliances
P1402,Running Shoes,Freshly roasted organic coffee beans for rich flavor,Home Decor
P1403,Yoga Mat,Shockproof and stylish smartphone case compatible with iPhone and Android,Sportswear
P1404,Digital Alarm Clock,Double-walled bottle keeps drinks hot or cold for hours,Home Audio
P1405,Bluetooth Speaker,High-precision gaming mouse with customizable DPI settings,Home Appliances
P1406,Gaming Mouse,High-quality wireless headphones with noise cancellation,Kitchen
P1407,Digital Alarm Clock,Shockproof and stylish smartphone case compatible with iPhone and Android,Grocery
P1408,Organic Coffee Beans,Double-walled bottle keeps drinks hot or cold for hours,Accessories
P1409,Stainless Steel Bottle,Freshly roasted organic coffee beans for rich flavor,Home Decor
P1410,Yoga Mat,Comfortable and durable shoes for running and daily wear,Electronics
P1411,Yoga Mat,High-precision gaming mouse with customizable DPI settings,Home Audio
P1412,LED Desk Lamp,Compact digital alarm clock with multiple alarm tones,Fitness
P1413,Stainless Steel Bottle,High-quality wireless headphones with noise cancellation,Grocery
P1414,Running Shoes,High-precision gaming mouse with customizable DPI settings,Kitchen
P1415,Digital Alarm Clock,Freshly roasted organic coffee beans for rich flavor,Gaming
P1416,Stainless Steel Bottle,Eco-friendly and non-slip yoga mat with extra cushioning,Gaming
P1417,Organic Coffee Beans,High-precision gaming mouse with customizable DPI settings,Electronics
P1418,Wireless Headphones,Compact digital alarm clock with multiple alarm tones,Accessories
P1419,LED Desk Lamp,Double-walled bottle keeps drinks hot or cold for hours,Gaming
P1420,Stainless Steel Bottle,Double-walled bottle keeps drinks hot or cold for hours,Grocery
P1421,Running Shoes,Compact digital alarm clock with multiple alarm tones,Grocery
P1422,Organic Coffee Beans,Modern desk lamp with adjustable brightness and LED lighting,Kitchen
P1423,Gaming Mouse,Compact digital alarm clock with multiple alarm tones,Gaming
P1424,Bluetooth Speaker,High-precision gaming mouse with customizable DPI settings,Accessories
P1425,Organic Coffee Beans,High-quality wireless headphones with noise cancellation,Home Appliances
P1426,Smartphone Case,Double-walled bottle keeps drinks hot or cold for hours,Sportswear
P1427,Yoga Mat,Freshly roasted organic coffee beans for rich flavor,Home Audio
P1428,Wireless Headphones,Modern desk lamp with adjustable brightness and LED lighting,Fitness
P1429,Wireless Headphones,High-quality wireless headphones with noise cancellation,Accessories
P1430,Digital Alarm Clock,High-quality wireless headphones with noise cancellation,Kitchen
P1431,LED Desk Lamp,Compact digital alarm clock with multiple alarm tones,Sportswear
P1432,Digital Alarm Clock,Portable Bluetooth speaker with excellent bass and battery life,Kitchen
P1433,LED Desk Lamp,Comfortable and durable shoes for running and daily wear,Grocery
P1434,LED Desk Lamp,Double-walled bottle keeps drinks hot or cold for hours,Gaming
P1435,Bluetooth Speaker,Modern desk lamp with adjustable brightness and LED lighting,Home Appliances
P1436,Digital Alarm Clock,Double-walled bottle keeps drinks hot or cold for hours,Sportswear
P1437,Wireless Headphones,Shockproof and stylish smartphone case compatible with iPhone and Android,Kitchen
P1438,Organic Coffee Beans,Modern desk lamp with adjustable brightness and LED lighting,Home Appliances
P1439,Bluetooth Speaker,Double-walled bottle keeps drinks hot or cold for hours,Accessories
P1440,Organic Coffee Beans,High-quality wireless headphones with noise cancellation,Sportswear
P1441,Smartphone Case,Compact digital alarm clock with multiple alarm tones,Fitness
P1442,Bluetooth Speaker,Eco-friendly and non-slip yoga mat with extra cushioning,Grocery
P1443,Wireless Headphones,Modern desk lamp with adjustable brightness and LED lighting,Accessories
P1444,Yoga Mat,Portable Bluetooth speaker with excellent bass and battery life,Home Appliances
P1445,Wireless Headphones,Shockproof and stylish smartphone case compatible with iPhone and Android,Sportswear
P1446,Smartphone Case,Freshly roasted organic coffee beans for rich flavor,Home Appliances
P1447,Organic Coffee Beans,Compact digital alarm clock with multiple alarm tones,Accessories
P1448,Smartphone Case,Double-walled bottle keeps drinks hot or cold for hours,Kitchen
P1449,Gaming Mouse,Eco-friendly and non-slip yoga mat with extra cushioning,Accessories
P1450,Organic Coffee Beans,High-precision gaming mouse with customizable DPI settings,Grocery
P1451,Wireless Headphones,Freshly roasted organic coffee beans for rich flavor,Electronics
P1452,Gaming Mouse,Freshly roasted organic coffee beans for rich flavor,Sportswear
P1453,Digital Alarm Clock,High-precision gaming mouse with customizable DPI settings,Accessories
P1454,Running Shoes,Double-walled bottle keeps drinks hot or cold for hours,Gaming
P1455,Smartphone Case,Modern desk lamp with adjustable brightness and LED lighting,Electronics
P1456,Wireless Headphones,Freshly roasted organic coffee beans for rich flavor,Home Decor
P1457,Gaming Mouse,Comfortable and durable shoes for running and daily wear,Gaming
P1458,Digital Alarm Clock,High-quality wireless headphones with noise cancellation,Sportswear
P1459,Bluetooth Speaker,Eco-friendly and non-slip yoga mat with extra cushioning,Home Decor
P1460,Running Shoes,Freshly roasted organic coffee beans for rich flavor,Home Decor
P1461,LED Desk Lamp,Freshly roasted organic coffee beans for rich flavor,Home Audio
P1462,Yoga Mat,High-precision gaming mouse with customizable DPI settings,Kitchen
P1463,Running Shoes,Eco-friendly and non-slip yoga mat with extra cushioning,Home Audio
P1464,Smartphone Case,Comfortable and durable shoes for running and daily wear,Accessories
P1465,Running Shoes,Freshly roasted organic coffee beans for rich flavor,Sportswear
P1466,Stainless Steel Bottle,High-precision gaming mouse with customizable DPI settings,Home Audio
P1467,Smartphone Case,Comfortable and durable shoes for running and daily wear,Accessories
P1468,LED Desk Lamp,Eco-friendly and non-slip yoga mat with extra cushioning,Gaming
P1469,Yoga Mat,High-quality wireless headphones with noise cancellation,Home Audio
P1470,Wireless Headphones,Modern desk lamp with adjustable brightness and LED lighting,Accessories
P1471,Stainless Steel Bottle,Comfortable and durable shoes for running and daily wear,Fitness
P1472,Smartphone Case,Comfortable and durable shoes for running and daily wear,Home Audio
P1473,Stainless Steel Bottle,Modern desk lamp with adjustable brightness and LED lighting,Gaming
P1474,Stainless Steel Bottle,Freshly roasted organic coffee beans for rich flavor,Kitchen
P1475,Gaming Mouse,Double-walled bottle keeps drinks hot or cold for hours,Home Appliances
P1476,Stainless Steel Bottle,Compact digital alarm clock with multiple alarm tones,Gaming
P1477,Wireless Headphones,Eco-friendly and non-slip yoga mat with extra cushioning,Home Appliances
P1478,Smartphone Case,Eco-friendly and non-slip yoga mat with extra cushioning,Grocery
P1479,Wireless Headphones,Comfortable and durable shoes for running and daily wear,Sportswear
P1480,Yoga Mat,High-quality wireless headphones with noise cancellation,Sportswear
P1481,Stainless Steel Bottle,Modern desk lamp with adjustable brightness and LED lighting,Kitchen
P1482,Stainless Steel Bottle,Comfortable and durable shoes for running and daily wear,Kitchen
P1483,Yoga Mat,Eco-friendly and non-slip yoga mat with extra cushioning,Home Audio
P1484,Yoga Mat,Modern desk lamp with adjustable brightness and LED lighting,Fitness
P1485,Smartphone Case,Portable Bluetooth speaker with excellent bass and battery life,Home Decor
P1486,LED Desk Lamp,Compact digital alarm clock with multiple alarm tones,Home Appliances
P1487,Digital Alarm Clock,Portable Bluetooth speaker with excellent bass and battery life,Home Decor
P1488,Yoga Mat,Modern desk lamp with adjustable brightness and LED lighting,Sportswear
P1489,Gaming Mouse,Freshly roasted organic coffee beans for rich flavor,Home Decor
P1490,Bluetooth Speaker,High-quality wireless headphones with noise cancellation,Sportswear
P1491,Stainless Steel Bottle,Compact digital alarm clock with multiple alarm tones,Home Audio
P1492,Smartphone Case,Portable Bluetooth speaker with excellent bass and battery life,Home Audio
P1493,Smartphone Case,Eco-friendly and non-slip yoga mat with extra cushioning,Home Appliances
P1494,Wireless Headphones,Eco-friendly and non-slip yoga mat with extra cushioning,Home Audio
P1495,Organic Coffee Beans,Eco-friendly and non-slip yoga mat with extra cushioning,Kitchen
P1496,LED Desk Lamp,Eco-friendly and non-slip yoga mat with extra cushioning,Electronics
P1497,Organic Coffee Beans,Portable Bluetooth speaker with excellent bass and battery life,Kitchen
P1498,Wireless Headphones,Modern desk lamp with adjustable brightness and LED lighting,Grocery
P1499,Running Shoes,Freshly roasted organic coffee beans for rich flavor,Grocery
P1500,Running Shoes,Portable Bluetooth speaker with excellent bass and battery life,Home Appliances
P1501,Stainless Steel Bottle,High-quality wireless headphones with noise cancellation,Accessories
P1502,Yoga Mat,Freshly roasted organic coffee beans for rich flavor,Electronics
P1503,Wireless Headphones,Modern desk lamp with adjustable brightness and LED lighting,Sportswear
P1504,Gaming Mouse,High-quality wireless headphones with noise cancellation,Accessories
P1505,Wireless Headphones,Compact digital alarm clock with multiple alarm tones,Home Appliances
P1506,Yoga Mat,Freshly roasted organic coffee beans for rich flavor,Grocery
P1507,Running Shoes,Modern desk lamp with adjustable brightness and LED lighting,Home Audio
P1508,Gaming Mouse,Freshly roasted organic coffee beans for rich flavor,Home Audio
P1509,Bluetooth Speaker,Eco-friendly and non-slip yoga mat with extra cushioning,Kitchen
P1510,Digital Alarm Clock,High-precision gaming mouse with customizable DPI settings,Fitness
P1511,Gaming Mouse,Compact digital alarm clock with multiple alarm tones,Fitness
P1512,Organic Coffee Beans,Compact digital alarm clock with multiple alarm tones,Home Audio
P1513,Digital Alarm Clock,Compact digital alarm clock with multiple alarm tones,Accessories
P1514,LED Desk Lamp,Modern desk lamp with adjustable brightness and LED lighting,Fitness
P1515,Running Shoes,Eco-friendly and non-slip yoga mat with extra cushioning,Sportswear
P1516,Yoga Mat,Freshly roasted organic coffee beans for rich flavor,Gaming
P1517,Wireless Headphones,Double-walled bottle keeps drinks hot or cold for hours,Accessories
P1518,Stainless Steel Bottle,Shockproof and stylish smartphone case compatible with iPhone and Android,Gaming
P1519,Running Shoes,Freshly roasted organic coffee beans for rich flavor,Home Appliances
P1520,Stainless Steel Bottle,Double-walled bottle keeps drinks hot or cold for hours,Home Appliances
P1521,LED Desk Lamp,Shockproof and stylish smartphone case compatible with iPhone and Android,Home Decor
P1522,Smartphone Case,Compact digital alarm clock with multiple alarm tones,Grocery
P1523,Smartphone Case,Portable Bluetooth speaker with excellent bass and battery life,Accessories
P1524,Smartphone Case,High-quality wireless headphones with noise cancellation,Grocery
P1525,Yoga Mat,Shockproof and stylish smartphone case compatible with iPhone and Android,Gaming
P1526,Stainless Steel Bottle,Comfortable and durable shoes for running and daily wear,Gaming
P1527,Digital Alarm Clock,Freshly roasted organic coffee beans for rich flavor,Home Audio
P1528,Bluetooth Speaker,High-precision gaming mouse with customizable DPI settings,Grocery
P1529,LED Desk Lamp,Freshly roasted organic coffee beans for rich flavor,Grocery
P1530,Running Shoes,Double-walled bottle keeps drinks hot or cold for hours,Sportswear
P1531,Bluetooth Speaker,Eco-friendly and non-slip yoga mat with extra cushioning,Home Audio
P1532,Yoga Mat,High-precision gaming mouse with customizable DPI settings,Electronics
P1533,Wireless Headphones,Double-walled bottle keeps drinks hot or cold for hours,Gaming
P1534,Stainless Steel Bottle,Compact digital alarm clock with multiple alarm tones,Home Decor
P1535,LED Desk Lamp,Modern desk lamp with adjustable brightness and LED lighting,Electronics
P1536,Digital Alarm Clock,Portable Bluetooth speaker with excellent bass and battery life,Accessories
P1537,Organic Coffee Beans,High-quality wireless headphones with noise cancellation,Accessories
P1538,Digital Alarm Clock,Modern desk lamp with adjustable brightness and LED lighting,Accessories
P1539,Gaming Mouse,High-quality wireless headphones with noise cancellation,Electronics
P1540,LED Desk Lamp,Comfortable and durable shoes for running and daily wear,Home Decor
P1541,Yoga Mat,Comfortable and durable shoes for running and daily wear,Electronics
P1542,Stainless Steel Bottle,Shockproof and stylish smartphone case compatible with iPhone and Android,Grocery
P1543,Organic Coffee Beans,Modern desk lamp with adjustable brightness and LED lighting,Home Appliances
P1544,Stainless Steel Bottle,Portable Bluetooth speaker with excellent bass and battery life,Grocery
P1545,Gaming Mouse,Shockproof and stylish smartphone case compatible with iPhone and Android,Accessories
P1546,Bluetooth Speaker,Shockproof and stylish smartphone case compatible with iPhone and Android,Home Decor
P1547,LED Desk Lamp,High-precision gaming mouse with customizable DPI settings,Home Decor
P1548,Digital Alarm Clock,Portable Bluetooth speaker with excellent bass and battery life,Kitchen
P1549,Smartphone Case,Comfortable and durable shoes for running and daily wear,Gaming
P1550,Organic Coffee Beans,High-precision gaming mouse with customizable DPI settings,Kitchen
P1551,Stainless Steel Bottle,High-precision gaming mouse with customizable DPI settings,Sportswear
P1552,Running Shoes,Modern desk lamp with adjustable brightness and LED lighting,Electronics
P1553,Gaming Mouse,Double-walled bottle keeps drinks hot or cold for hours,Home Decor
P1554,Running Shoes,High-quality wireless headphones with noise cancellation,Gaming
P1555,Smartphone Case,Double-walled bottle keeps drinks hot or cold for hours,Home Appliances
P1556,Bluetooth Speaker,Freshly roasted organic coffee beans for rich flavor,Gaming
P1557,Bluetooth Speaker,Double-walled bottle keeps drinks hot or cold for hours,Home Appliances
P1558,Digital Alarm Clock,Shockproof and stylish smartphone case compatible with iPhone and Android,Home Audio
P1559,Organic Coffee Beans,Shockproof and stylish smartphone case compatible with iPhone and Android,Kitchen
P1560,Smartphone Case,Compact digital alarm clock with multiple alarm tones,Sportswear
P1561,Stainless Steel Bottle,Freshly roasted organic coffee beans for rich flavor,Kitchen
P1562,Wireless Headphones,Shockproof and stylish smartphone case compatible with iPhone and Android,Home Appliances
P1563,Bluetooth Speaker,Eco-friendly and non-slip yoga mat with extra cushioning,Accessories
P1564,LED Desk Lamp,Modern desk lamp with adjustable brightness and LED lighting,Sportswear
P1565,Digital Alarm Clock,Double-walled bottle keeps drinks hot or cold for hours,Fitness
P1566,Bluetooth Speaker,High-precision gaming mouse with customizable DPI settings,Sportswear
P1567,Wireless Headphones,Double-walled bottle keeps drinks hot or cold for hours,Home Appliances
P1568,Stainless Steel Bottle,High-precision gaming mouse with customizable DPI settings,Home Audio
P1569,Running Shoes,Portable Bluetooth speaker with excellent bass and battery life,Electronics
P1570,Stainless Steel Bottle,Shockproof and stylish smartphone case compatible with iPhone and Android,Home Appliances
P1571,Gaming Mouse,Shockproof and stylish smartphone case compatible with iPhone and Android,Grocery
P1572,Organic Coffee Beans,Eco-friendly and non-slip yoga mat with extra cushioning,Sportswear
P1573,Stainless Steel Bottle,Portable Bluetooth speaker with excellent bass and battery life,Home Audio
P1574,Digital Alarm Clock,Shockproof and stylish smartphone case compatible with iPhone and Android,Home Decor
P1575,Running Shoes,Compact digital alarm clock with multiple alarm tones,Sportswear
P1576,Bluetooth Speaker,Freshly roasted organic coffee beans for rich flavor,Home Decor
P1577,Gaming Mouse,Double-walled bottle keeps drinks hot or cold for hours,Sportswear
P1578,Running Shoes,Portable Bluetooth speaker with excellent bass and battery life,Fitness
P1579,Digital Alarm Clock,Compact digital alarm clock with multiple alarm tones,Kitchen
P1580,Stainless Steel Bottle,Compact digital alarm clock with multiple alarm tones,Fitness
P1581,Running Shoes,High-precision gaming mouse with customizable DPI settings,Home Appliances
P1582,Bluetooth Speaker,Compact digital alarm clock with multiple alarm tones,Home Appliances
P1583,LED Desk Lamp,Shockproof and stylish smartphone case compatible with iPhone and Android,Home Appliances
P1584,Running Shoes,Shockproof and stylish smartphone case compatible with iPhone and Android,Electronics
P1585,Bluetooth Speaker,Freshly roasted organic coffee beans for rich flavor,Accessories
P1586,Organic Coffee Beans,Freshly roasted organic coffee beans for rich flavor,Accessories
P1587,Organic Coffee Beans,Freshly roasted organic coffee beans for rich flavor,Gaming
P1588,Gaming Mouse,Modern desk lamp with adjustable brightness and LED lighting,Electronics
P1589,Stainless Steel Bottle,Compact digital alarm clock with multiple alarm tones,Fitness
P1590,Bluetooth Speaker,Modern desk lamp with adjustable brightness and LED lighting,Kitchen
P1591,Yoga Mat,Modern desk lamp with adjustable brightness and LED lighting,Fitness
P1592,Organic Coffee Beans,High-quality wireless headphones with noise cancellation,Kitchen
P1593,Running Shoes,High-precision gaming mouse with customizable DPI settings,Sportswear
P1594,Wireless Headphones,Modern desk lamp with adjustable brightness and LED lighting,Accessories
P1595,Stainless Steel Bottle,High-quality wireless headphones with noise cancellation,Home Decor
P1596,Running Shoes,High-precision gaming mouse with customizable DPI settings,Home Appliances
P1597,Yoga Mat,High-precision gaming mouse with customizable DPI settings,Home Appliances
P1598,Stainless Steel Bottle,High-quality wireless headphones with noise cancellation,Fitness
P1599,Running Shoes,Eco-friendly and non-slip yoga mat with extra cushioning,Gaming
P1600,Gaming Mouse,Eco-friendly and non-slip yoga mat with extra cushioning,Accessories
P1601,Running Shoes,Comfortable and durable shoes for running and daily wear,Gaming
P1602,LED Desk Lamp,Compact digital alarm clock with multiple alarm tones,Electronics
P1603,Digital Alarm Clock,Eco-friendly and non-slip yoga mat with extra cushioning,Grocery
P1604,Organic Coffee Beans,Eco-friendly and non-slip yoga mat with extra cushioning,Home Audio
P1605,Yoga Mat,Shockproof and stylish smartphone case compatible with iPhone and Android,Sportswear
P1606,Stainless Steel Bottle,Freshly roasted organic coffee beans for rich flavor,Gaming
P1607,Gaming Mouse,High-quality wireless headphones with noise cancellation,Home Decor
P1608,Running Shoes,High-quality wireless headphones with noise cancellation,Grocery
P1609,LED Desk Lamp,High-precision gaming mouse with customizable DPI settings,Electronics
P1610,Gaming Mouse,Comfortable and durable shoes for running and daily wear,Gaming
P1611,LED Desk Lamp,Comfortable and durable shoes for running and daily wear,Electronics
P1612,Smartphone Case,Eco-friendly and non-slip yoga mat with extra cushioning,Kitchen
P1613,LED Desk Lamp,Freshly roasted organic coffee beans for rich flavor,Electronics
P1614,Stainless Steel Bottle,Portable Bluetooth speaker with excellent bass and battery life,Grocery
P1615,Yoga Mat,High-quality wireless headphones with noise cancellation,Fitness
P1616,Digital Alarm Clock,Shockproof and stylish smartphone case compatible with iPhone and Android,Electronics
P1617,Wireless Headphones,High-quality wireless headphones with noise cancellation,Electronics
P1618,Smartphone Case,Portable Bluetooth speaker with excellent bass and battery life,Home Appliances
P1619,Wireless Headphones,Modern desk lamp with adjustable brightness and LED lighting,Sportswear
P1620,Bluetooth Speaker,Double-walled bottle keeps drinks hot or cold for hours,Home Decor
P1621,Running Shoes,Comfortable and durable shoes for running and daily wear,Kitchen
P1622,Digital Alarm Clock,Freshly roasted organic coffee beans for rich flavor,Grocery
P1623,LED Desk Lamp,Double-walled bottle keeps drinks hot or cold for hours,Kitchen
P1624,Gaming Mouse,Eco-friendly and non-slip yoga mat with extra cushioning,Home Decor
P1625,Organic Coffee Beans,Compact digital alarm clock with multiple alarm tones,Accessories
P1626,Digital Alarm Clock,Portable Bluetooth speaker with excellent bass and battery life,Grocery
P1627,Stainless Steel Bottle,Portable Bluetooth speaker with excellent bass and battery life,Kitchen
P1628,Organic Coffee Beans,Eco-friendly and non-slip yoga mat with extra cushioning,Home Appliances
P1629,LED Desk Lamp,Portable Bluetooth speaker with excellent bass and battery life,Gaming
P1630,Bluetooth Speaker,High-precision gaming mouse with customizable DPI settings,Sportswear
P1631,Stainless Steel Bottle,High-precision gaming mouse with customizable DPI settings,Home Audio
P1632,Running Shoes,Freshly roasted organic coffee beans for rich flavor,Kitchen
P1633,Gaming Mouse,Double-walled bottle keeps drinks hot or cold for hours,Electronics
P1634,Smartphone Case,High-precision gaming mouse with customizable DPI settings,Accessories
P1635,LED Desk Lamp,Comfortable and durable shoes for running and daily wear,Home Decor
P1636,Stainless Steel Bottle,Compact digital alarm clock with multiple alarm tones,Home Decor
P1637,LED Desk Lamp,Eco-friendly and non-slip yoga mat with extra cushioning,Home Appliances
P1638,Smartphone Case,Double-walled bottle keeps drinks hot or cold for hours,Home Audio
P1639,Running Shoes,Modern desk lamp with adjustable brightness and LED lighting,Accessories
P1640,Stainless Steel Bottle,Freshly roasted organic coffee beans for rich flavor,Gaming
P1641,Digital Alarm Clock,High-precision gaming mouse with customizable DPI settings,Fitness
P1642,Stainless Steel Bottle,Shockproof and stylish smartphone case compatible with iPhone and Android,Home Appliances
P1643,LED Desk Lamp,Shockproof and stylish smartphone case compatible with iPhone and Android,Accessories
P1644,Wireless Headphones,Compact digital alarm clock with multiple alarm tones,Kitchen
P1645,Smartphone Case,Compact digital alarm clock with multiple alarm tones,Grocery
P1646,Organic Coffee Beans,High-precision gaming mouse with customizable DPI settings,Gaming
P1647,Running Shoes,Eco-friendly and non-slip yoga mat with extra cushioning,Accessories
P1648,Running Shoes,Comfortable and durable shoes for running and daily wear,Home Appliances
P1649,Running Shoes,Shockproof and stylish smartphone case compatible with iPhone and Android,Home Appliances
P1650,Digital Alarm Clock,Shockproof and stylish smartphone case compatible with iPhone and Android,Sportswear
P1651,Running Shoes,Freshly roasted organic coffee beans for rich flavor,Fitness
P1652,Gaming Mouse,Freshly roasted organic coffee beans for rich flavor,Electronics
P1653,Running Shoes,Modern desk lamp with adjustable brightness and LED lighting,Home Audio
P1654,LED Desk Lamp,Eco-friendly and non-slip yoga mat with extra cushioning,Accessories
P1655,Bluetooth Speaker,Freshly roasted organic coffee beans for rich flavor,Grocery
P1656,Stainless Steel Bottle,High-quality wireless headphones with noise cancellation,Home Appliances
P1657,Stainless Steel Bottle,Eco-friendly and non-slip yoga mat with extra cushioning,Sportswear
P1658,Gaming Mouse,Eco-friendly and non-slip yoga mat with extra cushioning,Electronics
P1659,Bluetooth Speaker,Comfortable and durable shoes for running and daily wear,Kitchen
P1660,Digital Alarm Clock,Comfortable and durable shoes for running and daily wear,Gaming
P1661,Wireless Headphones,Modern desk lamp with adjustable brightness and LED lighting,Grocery
P1662,Wireless Headphones,Portable Bluetooth speaker with excellent bass and battery life,Home Appliances
P1663,Smartphone Case,Eco-friendly and non-slip yoga mat with extra cushioning,Grocery
P1664,Smartphone Case,Eco-friendly and non-slip yoga mat with extra cushioning,Accessories
P1665,Gaming Mouse,Comfortable and durable shoes for running and daily wear,Accessories
P1666,Smartphone Case,Compact digital alarm clock with multiple alarm tones,Fitness
P1667,Bluetooth Speaker,Comfortable and durable shoes for running and daily wear,Accessories
P1668,Stainless Steel Bottle,Freshly roasted organic coffee beans for rich flavor,Electronics
P1669,Organic Coffee Beans,Shockproof and stylish smartphone case compatible with iPhone and Android,Sportswear
P1670,Wireless Headphones,Eco-friendly and non-slip yoga mat with extra cushioning,Gaming
P1671,Organic Coffee Beans,High-precision gaming mouse with customizable DPI settings,Kitchen
P1672,Yoga Mat,Comfortable and durable shoes for running and daily wear,Sportswear
P1673,Organic Coffee Beans,High-quality wireless headphones with noise cancellation,Fitness
P1674,Bluetooth Speaker,Freshly roasted organic coffee beans for rich flavor,Grocery
P1675,Running Shoes,Shockproof and stylish smartphone case compatible with iPhone and Android,Kitchen
P1676,Bluetooth Speaker,Comfortable and durable shoes for running and daily wear,Home Decor
P1677,Stainless Steel Bottle,Freshly roasted organic coffee beans for rich flavor,Gaming
P1678,Bluetooth Speaker,Comfortable and durable shoes for running and daily wear,Kitchen
P1679,Smartphone Case,Comfortable and durable shoes for running and daily wear,Grocery
P1680,Organic Coffee Beans,Comfortable and durable shoes for running and daily wear,Fitness
P1681,Running Shoes,Compact digital alarm clock with multiple alarm tones,Electronics
P1682,Organic Coffee Beans,Double-walled bottle keeps drinks hot or cold for hours,Home Appliances
P1683,Running Shoes,High-quality wireless headphones with noise cancellation,Home Decor
P1684,Gaming Mouse,Modern desk lamp with adjustable brightness and LED lighting,Grocery
P1685,Running Shoes,Modern desk lamp with adjustable brightness and LED lighting,Electronics
P1686,Gaming Mouse,High-precision gaming mouse with customizable DPI settings,Sportswear
P1687,Stainless Steel Bottle,Comfortable and durable shoes for running and daily wear,Home Decor
P1688,Yoga Mat,Eco-friendly and non-slip yoga mat with extra cushioning,Home Audio
P1689,Wireless Headphones,Freshly roasted organic coffee beans for rich flavor,Fitness
P1690,Wireless Headphones,Modern desk lamp with adjustable brightness and LED lighting,Electronics
P1691,LED Desk Lamp,Shockproof and stylish smartphone case compatible with iPhone and Android,Electronics
P1692,Digital Alarm Clock,Comfortable and durable shoes for running and daily wear,Electronics
P1693,Wireless Headphones,Shockproof and stylish smartphone case compatible with iPhone and Android,Gaming
P1694,Gaming Mouse,Comfortable and durable shoes for running and daily wear,Grocery
P1695,Wireless Headphones,Modern desk lamp with adjustable brightness and LED lighting,Grocery
P1696,LED Desk Lamp,Comfortable and durable shoes for running and daily wear,Fitness
P1697,Yoga Mat,Shockproof and stylish smartphone case compatible with iPhone and Android,Kitchen
P1698,Organic Coffee Beans,Comfortable and durable shoes for running and daily wear,Home Audio
P1699,Digital Alarm Clock,Modern desk lamp with adjustable brightness and LED lighting,Fitness
P1700,Digital Alarm Clock,High-precision gaming mouse with customizable DPI settings,Grocery
P1701,Digital Alarm Clock,Shockproof and stylish smartphone case compatible with iPhone and Android,Home Decor
P1702,Organic Coffee Beans,Modern desk lamp with adjustable brightness and LED lighting,Home Appliances
P1703,Organic Coffee Beans,High-quality wireless headphones with noise cancellation,Home Audio
P1704,Organic Coffee Beans,Compact digital alarm clock with multiple alarm tones,Electronics
P1705,Digital Alarm Clock,Portable Bluetooth speaker with excellent bass and battery life,Sportswear
P1706,Organic Coffee Beans,Modern desk lamp with adjustable brightness and LED lighting,Fitness
P1707,Organic Coffee Beans,Freshly roasted organic coffee beans for rich flavor,Home Appliances
P1708,Gaming Mouse,Modern desk lamp with adjustable brightness and LED lighting,Home Appliances
P1709,Gaming Mouse,Freshly roasted organic coffee beans for rich flavor,Kitchen
P1710,Yoga Mat,Comfortable and durable shoes for running and daily wear,Sportswear
P1711,Bluetooth Speaker,Double-walled bottle keeps drinks hot or cold for hours,Grocery
P1712,Bluetooth Speaker,Shockproof and stylish smartphone case compatible with iPhone and Android,Gaming
P1713,Smartphone Case,Shockproof and stylish smartphone case compatible with iPhone and Android,Home Audio
P1714,Organic Coffee Beans,Eco-friendly and non-slip yoga mat with extra cushioning,Home Audio
P1715,Wireless Headphones,Portable Bluetooth speaker with excellent bass and battery life,Kitchen
P1716,Bluetooth Speaker,High-precision gaming mouse with customizable DPI settings,Home Appliances
P1717,Bluetooth Speaker,Comfortable and durable shoes for running and daily wear,Home Appliances
P1718,Running Shoes,Portable Bluetooth speaker with excellent bass and battery life,Home Decor
P1719,Stainless Steel Bottle,Eco-friendly and non-slip yoga mat with extra cushioning,Fitness
P1720,Yoga Mat,Comfortable and durable shoes for running and daily wear,Kitchen
P1721,Stainless Steel Bottle,Comfortable and durable shoes for running and daily wear,Accessories
P1722,Yoga Mat,Portable Bluetooth speaker with excellent bass and battery life,Grocery
P1723,Digital Alarm Clock,Shockproof and stylish smartphone case compatible with iPhone and Android,Gaming
P1724,Bluetooth Speaker,Eco-friendly and non-slip yoga mat with extra cushioning,Kitchen
P1725,Wireless Headphones,Shockproof and stylish smartphone case compatible with iPhone and Android,Home Audio
P1726,Yoga Mat,Eco-friendly and non-slip yoga mat with extra cushioning,Accessories
P1727,Yoga Mat,Eco-friendly and non-slip yoga mat with extra cushioning,Electronics
P1728,Bluetooth Speaker,Eco-friendly and non-slip yoga mat with extra cushioning,Home Decor
P1729,Digital Alarm Clock,Modern desk lamp with adjustable brightness and LED lighting,Grocery
P1730,Gaming Mouse,Compact digital alarm clock with multiple alarm tones,Grocery
P1731,Organic Coffee Beans,Eco-friendly and non-slip yoga mat with extra cushioning,Sportswear
P1732,Yoga Mat,High-precision gaming mouse with customizable DPI settings,Gaming
P1733,Organic Coffee Beans,Modern desk lamp with adjustable brightness and LED lighting,Accessories
P1734,Digital Alarm Clock,Modern desk lamp with adjustable brightness and LED lighting,Electronics
P1735,Wireless Headphones,Freshly roasted organic coffee beans for rich flavor,Electronics
P1736,Wireless Headphones,Portable Bluetooth speaker with excellent bass and battery life,Home Audio
P1737,Bluetooth Speaker,Modern desk lamp with adjustable brightness and LED lighting,Fitness
P1738,LED Desk Lamp,Compact digital alarm clock with multiple alarm tones,Home Audio
P1739,Digital Alarm Clock,Shockproof and stylish smartphone case compatible with iPhone and Android,Home Appliances
P1740,Bluetooth Speaker,Compact digital alarm clock with multiple alarm tones,Gaming
P1741,Stainless Steel Bottle,Double-walled bottle keeps drinks hot or cold for hours,Fitness
P1742,Bluetooth Speaker,Compact digital alarm clock with multiple alarm tones,Grocery
P1743,LED Desk Lamp,High-quality wireless headphones with noise cancellation,Kitchen
P1744,Organic Coffee Beans,Shockproof and stylish smartphone case compatible with iPhone and Android,Accessories
P1745,Smartphone Case,Comfortable and durable shoes for running and daily wear,Gaming
P1746,Organic Coffee Beans,High-precision gaming mouse with customizable DPI settings,Grocery
P1747,Yoga Mat,High-precision gaming mouse with customizable DPI settings,Home Decor
P1748,Wireless Headphones,Compact digital alarm clock with multiple alarm tones,Grocery
P1749,Bluetooth Speaker,Modern desk lamp with adjustable brightness and LED lighting,Kitchen
P1750,Bluetooth Speaker,Portable Bluetooth speaker with excellent bass and battery life,Accessories
P1751,Smartphone Case,Shockproof and stylish smartphone case compatible with iPhone and Android,Kitchen
P1752,Bluetooth Speaker,Eco-friendly and non-slip yoga mat with extra cushioning,Grocery
P1753,Bluetooth Speaker,Freshly roasted organic coffee beans for rich flavor,Sportswear
P1754,Yoga Mat,Eco-friendly and non-slip yoga mat with extra cushioning,Kitchen
P1755,Organic Coffee Beans,Modern desk lamp with adjustable brightness and LED lighting,Home Decor
P1756,Organic Coffee Beans,Modern desk lamp with adjustable brightness and LED lighting,Accessories
P1757,LED Desk Lamp,Portable Bluetooth speaker with excellent bass and battery life,Home Audio
P1758,Smartphone Case,Comfortable and durable shoes for running and daily wear,Home Audio
P1759,Gaming Mouse,High-quality wireless headphones with noise cancellation,Fitness
P1760,Smartphone Case,Compact digital alarm clock with multiple alarm tones,Home Audio
P1761,Stainless Steel Bottle,Eco-friendly and non-slip yoga mat with extra cushioning,Kitchen
P1762,Organic Coffee Beans,High-precision gaming mouse with customizable DPI settings,Accessories
P1763,Yoga Mat,High-precision gaming mouse with customizable DPI settings,Fitness
P1764,Stainless Steel Bottle,Double-walled bottle keeps drinks hot or cold for hours,Home Audio
P1765,Gaming Mouse,High-quality wireless headphones with noise cancellation,Sportswear
P1766,LED Desk Lamp,Double-walled bottle keeps drinks hot or cold for hours,Kitchen
P1767,Organic Coffee Beans,High-quality wireless headphones with noise cancellation,Grocery
P1768,Running Shoes,Freshly roasted organic coffee beans for rich flavor,Home Appliances
P1769,Bluetooth Speaker,Freshly roasted organic coffee beans for rich flavor,Home Appliances
P1770,LED Desk Lamp,Comfortable and durable shoes for running and daily wear,Grocery
P1771,Wireless Headphones,Eco-friendly and non-slip yoga mat with extra cushioning,Home Audio
P1772,Smartphone Case,High-precision gaming mouse with customizable DPI settings,Home Audio
P1773,Bluetooth Speaker,High-precision gaming mouse with customizable DPI settings,Sportswear
P1774,Stainless Steel Bottle,Eco-friendly and non-slip yoga mat with extra cushioning,Grocery
P1775,Wireless Headphones,Comfortable and durable shoes for running and daily wear,Home Decor
P1776,Yoga Mat,Portable Bluetooth speaker with excellent bass and battery life,Kitchen
P1777,LED Desk Lamp,Shockproof and stylish smartphone case compatible with iPhone and Android,Grocery
P1778,Smartphone Case,High-quality wireless headphones with noise cancellation,Accessories
P1779,Smartphone Case,Portable Bluetooth speaker with excellent bass and battery life,Home Audio
P1780,LED Desk Lamp,Double-walled bottle keeps drinks hot or cold for hours,Electronics
P1781,Smartphone Case,Double-walled bottle keeps drinks hot or cold for hours,Electronics
P1782,Running Shoes,Eco-friendly and non-slip yoga mat with extra cushioning,Gaming
P1783,Yoga Mat,Shockproof and stylish smartphone case compatible with iPhone and Android,Electronics
P1784,Smartphone Case,Shockproof and stylish smartphone case compatible with iPhone and Android,Fitness
P1785,Stainless Steel Bottle,Comfortable and durable shoes for running and daily wear,Home Decor
P1786,Running Shoes,Freshly roasted organic coffee beans for rich flavor,Home Appliances
P1787,Running Shoes,High-precision gaming mouse with customizable DPI settings,Gaming
P1788,Running Shoes,Modern desk lamp with adjustable brightness and LED lighting,Home Audio
P1789,Running Shoes,High-precision gaming mouse with customizable DPI settings,Gaming
P1790,Wireless Headphones,Shockproof and stylish smartphone case compatible with iPhone and Android,Home Audio
P1791,Organic Coffee Beans,High-precision gaming mouse with customizable DPI settings,Home Appliances
P1792,Stainless Steel Bottle,Portable Bluetooth speaker with excellent bass and battery life,Home Appliances
P1793,Stainless Steel Bottle,Modern desk lamp with adjustable brightness and LED lighting,Kitchen
P1794,Running Shoes,Freshly roasted organic coffee beans for rich flavor,Sportswear
P1795,Wireless Headphones,Comfortable and durable shoes for running and daily wear,Home Audio
P1796,Smartphone Case,Portable Bluetooth speaker with excellent bass and battery life,Kitchen
P1797,Stainless Steel Bottle,High-precision gaming mouse with customizable DPI settings,Accessories
P1798,Wireless Headphones,Comfortable and durable shoes for running and daily wear,Fitness
P1799,Yoga Mat,High-quality wireless headphones with noise cancellation,Accessories
P1800,Bluetooth Speaker,Compact digital alarm clock with multiple alarm tones,Fitness
P1801,Wireless Headphones,High-precision gaming mouse with customizable DPI settings,Gaming
P1802,Yoga Mat,High-quality wireless headphones with noise cancellation,Home Decor
P1803,Organic Coffee Beans,Double-walled bottle keeps drinks hot or cold for hours,Home Audio
P1804,Smartphone Case,Double-walled bottle keeps drinks hot or cold for hours,Accessories
P1805,Running Shoes,Eco-friendly and non-slip yoga mat with extra cushioning,Fitness
P1806,LED Desk Lamp,Shockproof and stylish smartphone case compatible with iPhone and Android,Gaming
P1807,Running Shoes,High-quality wireless headphones with noise cancellation,Accessories
P1808,Bluetooth Speaker,Comfortable and durable shoes for running and daily wear,Accessories
P1809,Stainless Steel Bottle,Shockproof and stylish smartphone case compatible with iPhone and Android,Electronics
P1810,Bluetooth Speaker,High-precision gaming mouse with customizable DPI settings,Grocery
P1811,Running Shoes,Double-walled bottle keeps drinks hot or cold for hours,Grocery
P1812,Digital Alarm Clock,Freshly roasted organic coffee beans for rich flavor,Sportswear
P1813,Wireless Headphones,High-precision gaming mouse with customizable DPI settings,Home Audio
P1814,Wireless Headphones,Shockproof and stylish smartphone case compatible with iPhone and Android,Fitness
P1815,Smartphone Case,Comfortable and durable shoes for running and daily wear,Home Decor
P1816,Smartphone Case,Double-walled bottle keeps drinks hot or cold for hours,Home Appliances
P1817,Yoga Mat,High-quality wireless headphones with noise cancellation,Electronics
P1818,Organic Coffee Beans,High-precision gaming mouse with customizable DPI settings,Sportswear
P1819,Wireless Headphones,Double-walled bottle keeps drinks hot or cold for hours,Accessories
P1820,Smartphone Case,Freshly roasted organic coffee beans for rich flavor,Home Audio
P1821,Digital Alarm Clock,High-precision gaming mouse with customizable DPI settings,Accessories
P1822,Running Shoes,Comfortable and durable shoes for running and daily wear,Sportswear
P1823,Gaming Mouse,Eco-friendly and non-slip yoga mat with extra cushioning,Kitchen
P1824,Gaming Mouse,Comfortable and durable shoes for running and daily wear,Grocery
P1825,Wireless Headphones,Freshly roasted organic coffee beans for rich flavor,Electronics
P1826,Smartphone Case,Freshly roasted organic coffee beans for rich flavor,Fitness
P1827,Digital Alarm Clock,Eco-friendly and non-slip yoga mat with extra cushioning,Gaming
P1828,Stainless Steel Bottle,Shockproof and stylish smartphone case compatible with iPhone and Android,Home Appliances
P1829,Gaming Mouse,Shockproof and stylish smartphone case compatible with iPhone and Android,Accessories
P1830,Wireless Headphones,High-quality wireless headphones with noise cancellation,Grocery
P1831,LED Desk Lamp,Eco-friendly and non-slip yoga mat with extra cushioning,Kitchen
P1832,Digital Alarm Clock,High-quality wireless headphones with noise cancellation,Home Appliances
P1833,Smartphone Case,Compact digital alarm clock with multiple alarm tones,Kitchen
P1834,LED Desk Lamp,Eco-friendly and non-slip yoga mat with extra cushioning,Home Audio
P1835,Organic Coffee Beans,Eco-friendly and non-slip yoga mat with extra cushioning,Electronics
P1836,Gaming Mouse,Shockproof and stylish smartphone case compatible with iPhone and Android,Home Audio
P1837,Yoga Mat,Eco-friendly and non-slip yoga mat with extra cushioning,Gaming
P1838,LED Desk Lamp,Double-walled bottle keeps drinks hot or cold for hours,Gaming
P1839,Stainless Steel Bottle,High-precision gaming mouse with customizable DPI settings,Home Audio
P1840,Running Shoes,Double-walled bottle keeps drinks hot or cold for hours,Home Audio
P1841,Yoga Mat,High-quality wireless headphones with noise cancellation,Gaming
P1842,Smartphone Case,Shockproof and stylish smartphone case compatible with iPhone and Android,Home Decor
P1843,Running Shoes,High-precision gaming mouse with customizable DPI settings,Home Audio
P1844,Yoga Mat,Modern desk lamp with adjustable brightness and LED lighting,Home Decor
P1845,Bluetooth Speaker,Compact digital alarm clock with multiple alarm tones,Gaming
P1846,Digital Alarm Clock,Freshly roasted organic coffee beans for rich flavor,Kitchen
P1847,Smartphone Case,High-quality wireless headphones with noise cancellation,Kitchen
P1848,Stainless Steel Bottle,Portable Bluetooth speaker with excellent bass and battery life,Gaming
P1849,Digital Alarm Clock,Double-walled bottle keeps drinks hot or cold for hours,Electronics
P1850,Gaming Mouse,High-quality wireless headphones with noise cancellation,Home Appliances
P1851,Wireless Headphones,Shockproof and stylish smartphone case compatible with iPhone and Android,Grocery
P1852,Wireless Headphones,Double-walled bottle keeps drinks hot or cold for hours,Accessories
P1853,Organic Coffee Beans,Modern desk lamp with adjustable brightness and LED lighting,Grocery
P1854,Stainless Steel Bottle,Modern desk lamp with adjustable brightness and LED lighting,Gaming
P1855,Digital Alarm Clock,Portable Bluetooth speaker with excellent bass and battery life,Fitness
P1856,LED Desk Lamp,Comfortable and durable shoes for running and daily wear,Home Decor
P1857,Yoga Mat,Comfortable and durable shoes for running and daily wear,Grocery
P1858,LED Desk Lamp,Shockproof and stylish smartphone case compatible with iPhone and Android,Kitchen
P1859,Smartphone Case,Compact digital alarm clock with multiple alarm tones,Accessories
P1860,Stainless Steel Bottle,Shockproof and stylish smartphone case compatible with iPhone and Android,Home Appliances
P1861,Bluetooth Speaker,Freshly roasted organic coffee beans for rich flavor,Kitchen
P1862,Wireless Headphones,Comfortable and durable shoes for running and daily wear,Home Decor
P1863,Gaming Mouse,Portable Bluetooth speaker with excellent bass and battery life,Home Decor
P1864,LED Desk Lamp,High-quality wireless headphones with noise cancellation,Kitchen
P1865,Yoga Mat,Compact digital alarm clock with multiple alarm tones,Kitchen
P1866,Organic Coffee Beans,High-quality wireless headphones with noise cancellation,Gaming
P1867,Wireless Headphones,Portable Bluetooth speaker with excellent bass and battery life,Home Appliances
P1868,Yoga Mat,Eco-friendly and non-slip yoga mat with extra cushioning,Sportswear
P1869,Wireless Headphones,Portable Bluetooth speaker with excellent bass and battery life,Fitness
P1870,Running Shoes,Portable Bluetooth speaker with excellent bass and battery life,Sportswear
P1871,Stainless Steel Bottle,High-precision gaming mouse with customizable DPI settings,Home Audio
P1872,Stainless Steel Bottle,Modern desk lamp with adjustable brightness and LED lighting,Grocery
P1873,Bluetooth Speaker,Compact digital alarm clock with multiple alarm tones,Accessories
P1874,Smartphone Case,Compact digital alarm clock with multiple alarm tones,Grocery
P1875,Bluetooth Speaker,Freshly roasted organic coffee beans for rich flavor,Kitchen
P1876,Organic Coffee Beans,Double-walled bottle keeps drinks hot or cold for hours,Gaming
P1877,Smartphone Case,High-precision gaming mouse with customizable DPI settings,Accessories
P1878,Digital Alarm Clock,Shockproof and stylish smartphone case compatible with iPhone and Android,Home Decor
P1879,Yoga Mat,Comfortable and durable shoes for running and daily wear,Home Appliances
P1880,LED Desk Lamp,Modern desk lamp with adjustable brightness and LED lighting,Electronics
P1881,Digital Alarm Clock,Portable Bluetooth speaker with excellent bass and battery life,Sportswear
P1882,Running Shoes,High-precision gaming mouse with customizable DPI settings,Home Audio
P1883,Digital Alarm Clock,Portable Bluetooth speaker with excellent bass and battery life,Kitchen
P1884,Stainless Steel Bottle,High-quality wireless headphones with noise cancellation,Grocery
P1885,Wireless Headphones,Double-walled bottle keeps drinks hot or cold for hours,Electronics
P1886,Stainless Steel Bottle,Comfortable and durable shoes for running and daily wear,Grocery
P1887,Organic Coffee Beans,Freshly roasted organic coffee beans for rich flavor,Kitchen
P1888,Stainless Steel Bottle,High-quality wireless headphones with noise cancellation,Accessories
P1889,Smartphone Case,Comfortable and durable shoes for running and daily wear,Kitchen
P1890,Gaming Mouse,Modern desk lamp with adjustable brightness and LED lighting,Grocery
P1891,Wireless Headphones,Shockproof and stylish smartphone case compatible with iPhone and Android,Home Decor
P1892,Gaming Mouse,Compact digital alarm clock with multiple alarm tones,Grocery
P1893,Yoga Mat,High-quality wireless headphones with noise cancellation,Grocery
P1894,Running Shoes,High-quality wireless headphones with noise cancellation,Kitchen
P1895,Stainless Steel Bottle,Compact digital alarm clock with multiple alarm tones,Gaming
P1896,Yoga Mat,Eco-friendly and non-slip yoga mat with extra cushioning,Kitchen
P1897,Stainless Steel Bottle,Eco-friendly and non-slip yoga mat with extra cushioning,Home Appliances
P1898,Smartphone Case,High-precision gaming mouse with customizable DPI settings,Home Audio
P1899,Yoga Mat,High-quality wireless headphones with noise cancellation,Gaming
P1900,Gaming Mouse,Comfortable and durable shoes for running and daily wear,Grocery
P1901,LED Desk Lamp,High-precision gaming mouse with customizable DPI settings,Gaming
P1902,Gaming Mouse,High-quality wireless headphones with noise cancellation,Fitness
P1903,LED Desk Lamp,Shockproof and stylish smartphone case compatible with iPhone and Android,Home Audio
P1904,Yoga Mat,Comfortable and durable shoes for running and daily wear,Home Appliances
P1905,Smartphone Case,Eco-friendly and non-slip yoga mat with extra cushioning,Kitchen
P1906,Smartphone Case,Portable Bluetooth speaker with excellent bass and battery life,Fitness
P1907,LED Desk Lamp,Portable Bluetooth speaker with excellent bass and battery life,Gaming
P1908,Gaming Mouse,Comfortable and durable shoes for running and daily wear,Home Audio
P1909,Bluetooth Speaker,High-quality wireless headphones with noise cancellation,Accessories
P1910,LED Desk Lamp,High-quality wireless headphones with noise cancellation,Sportswear
P1911,Organic Coffee Beans,Compact digital alarm clock with multiple alarm tones,Kitchen
P1912,Organic Coffee Beans,Modern desk lamp with adjustable brightness and LED lighting,Home Decor
P1913,Gaming Mouse,High-quality wireless headphones with noise cancellation,Accessories
P1914,Stainless Steel Bottle,Portable Bluetooth speaker with excellent bass and battery life,Sportswear
P1915,Running Shoes,Portable Bluetooth speaker with excellent bass and battery life,Home Audio
P1916,Wireless Headphones,Double-walled bottle keeps drinks hot or cold for hours,Electronics
P1917,Running Shoes,Compact digital alarm clock with multiple alarm tones,Kitchen
P1918,Running Shoes,Compact digital alarm clock with multiple alarm tones,Grocery
P1919,Bluetooth Speaker,Freshly roasted organic coffee beans for rich flavor,Grocery
P1920,Organic Coffee Beans,Comfortable and durable shoes for running and daily wear,Grocery
P1921,LED Desk Lamp,Shockproof and stylish smartphone case compatible with iPhone and Android,Accessories
P1922,Running Shoes,Double-walled bottle keeps drinks hot or cold for hours,Sportswear
P1923,Wireless Headphones,Comfortable and durable shoes for running and daily wear,Home Audio
P1924,Digital Alarm Clock,Eco-friendly and non-slip yoga mat with extra cushioning,Home Decor
P1925,Running Shoes,Double-walled bottle keeps drinks hot or cold for hours,Accessories
P1926,Organic Coffee Beans,Portable Bluetooth speaker with excellent bass and battery life,Sportswear
P1927,Running Shoes,Eco-friendly and non-slip yoga mat with extra cushioning,Home Decor
P1928,Digital Alarm Clock,Shockproof and stylish smartphone case compatible with iPhone and Android,Gaming
P1929,Running Shoes,High-precision gaming mouse with customizable DPI settings,Home Appliances
P1930,LED Desk Lamp,Freshly roasted organic coffee beans for rich flavor,Home Audio
P1931,Running Shoes,Shockproof and stylish smartphone case compatible with iPhone and Android,Home Appliances
P1932,Digital Alarm Clock,Portable Bluetooth speaker with excellent bass and battery life,Home Decor
P1933,Organic Coffee Beans,Freshly roasted organic coffee beans for rich flavor,Kitchen
P1934,Smartphone Case,Compact digital alarm clock with multiple alarm tones,Accessories
P1935,Wireless Headphones,Double-walled bottle keeps drinks hot or cold for hours,Kitchen
P1936,Bluetooth Speaker,Compact digital alarm clock with multiple alarm tones,Fitness
P1937,Running Shoes,Shockproof and stylish smartphone case compatible with iPhone and Android,Electronics
P1938,Stainless Steel Bottle,Double-walled bottle keeps drinks hot or cold for hours,Electronics
P1939,Wireless Headphones,Compact digital alarm clock with multiple alarm tones,Grocery
P1940,Organic Coffee Beans,Portable Bluetooth speaker with excellent bass and battery life,Kitchen
P1941,Smartphone Case,Compact digital alarm clock with multiple alarm tones,Electronics
P1942,Stainless Steel Bottle,High-precision gaming mouse with customizable DPI settings,Home Audio
P1943,Digital Alarm Clock,Double-walled bottle keeps drinks hot or cold for hours,Home Audio
P1944,LED Desk Lamp,Freshly roasted organic coffee beans for rich flavor,Kitchen
P1945,Digital Alarm Clock,Freshly roasted organic coffee beans for rich flavor,Fitness
P1946,Stainless Steel Bottle,Compact digital alarm clock with multiple alarm tones,Accessories
P1947,Smartphone Case,Modern desk lamp with adjustable brightness and LED lighting,Home Decor
P1948,Organic Coffee Beans,Portable Bluetooth speaker with excellent bass and battery life,Gaming
P1949,Smartphone Case,Modern desk lamp with adjustable brightness and LED lighting,Gaming
P1950,Yoga Mat,High-quality wireless headphones with noise cancellation,Accessories
P1951,Digital Alarm Clock,Eco-friendly and non-slip yoga mat with extra cushioning,Accessories
P1952,Yoga Mat,High-quality wireless headphones with noise cancellation,Home Appliances
P1953,Organic Coffee Beans,Double-walled bottle keeps drinks hot or cold for hours,Home Appliances
P1954,Running Shoes,Compact digital alarm clock with multiple alarm tones,Kitchen
P1955,Bluetooth Speaker,High-quality wireless headphones with noise cancellation,Home Appliances
P1956,LED Desk Lamp,High-quality wireless headphones with noise cancellation,Fitness
P1957,Bluetooth Speaker,High-precision gaming mouse with customizable DPI settings,Electronics
P1958,Stainless Steel Bottle,Modern desk lamp with adjustable brightness and LED lighting,Home Decor
P1959,Gaming Mouse,Freshly roasted organic coffee beans for rich flavor,Sportswear
P1960,Stainless Steel Bottle,High-precision gaming mouse with customizable DPI settings,Electronics
P1961,LED Desk Lamp,Eco-friendly and non-slip yoga mat with extra cushioning,Accessories
P1962,Bluetooth Speaker,Modern desk lamp with adjustable brightness and LED lighting,Accessories
P1963,Yoga Mat,Compact digital alarm clock with multiple alarm tones,Home Audio
P1964,Digital Alarm Clock,Eco-friendly and non-slip yoga mat with extra cushioning,Grocery
P1965,Stainless Steel Bottle,Portable Bluetooth speaker with excellent bass and battery life,Accessories
P1966,Gaming Mouse,Portable Bluetooth speaker with excellent bass and battery life,Fitness
P1967,LED Desk Lamp,Eco-friendly and non-slip yoga mat with extra cushioning,Accessories
P1968,Yoga Mat,High-precision gaming mouse with customizable DPI settings,Home Audio
P1969,Smartphone Case,High-quality wireless headphones with noise cancellation,Accessories
P1970,Bluetooth Speaker,Shockproof and stylish smartphone case compatible with iPhone and Android,Gaming
P1971,Smartphone Case,Eco-friendly and non-slip yoga mat with extra cushioning,Fitness
P1972,Bluetooth Speaker,Portable Bluetooth speaker with excellent bass and battery life,Home Appliances
P1973,Gaming Mouse,Modern desk lamp with adjustable brightness and LED lighting,Electronics
P1974,Smartphone Case,Double-walled bottle keeps drinks hot or cold for hours,Sportswear
P1975,Running Shoes,Comfortable and durable shoes for running and daily wear,Home Audio
P1976,Running Shoes,Comfortable and durable shoes for running and daily wear,Accessories
P1977,Gaming Mouse,Shockproof and stylish smartphone case compatible with iPhone and Android,Sportswear
P1978,Digital Alarm Clock,Freshly roasted organic coffee beans for rich flavor,Home Appliances
P1979,Gaming Mouse,Shockproof and stylish smartphone case compatible with iPhone and Android,Electronics
P1980,LED Desk Lamp,High-quality wireless headphones with noise cancellation,Home Audio
P1981,Stainless Steel Bottle,High-precision gaming mouse with customizable DPI settings,Grocery
P1982,LED Desk Lamp,Freshly roasted organic coffee beans for rich flavor,Home Audio
P1983,Organic Coffee Beans,Shockproof and stylish smartphone case compatible with iPhone and Android,Grocery
P1984,Bluetooth Speaker,Double-walled bottle keeps drinks hot or cold for hours,Kitchen
P1985,Wireless Headphones,Modern desk lamp with adjustable brightness and LED lighting,Kitchen
P1986,Running Shoes,High-quality wireless headphones with noise cancellation,Kitchen
P1987,Wireless Headphones,Eco-friendly and non-slip yoga mat with extra cushioning,Home Decor
P1988,Smartphone Case,Comfortable and durable shoes for running and daily wear,Fitness
P1989,Yoga Mat,Portable Bluetooth speaker with excellent bass and battery life,Electronics
P1990,Stainless Steel Bottle,High-quality wireless headphones with noise cancellation,Accessories
P1991,Smartphone Case,Portable Bluetooth speaker with excellent bass and battery life,Sportswear
P1992,Gaming Mouse,Modern desk lamp with adjustable brightness and LED lighting,Home Decor
P1993,Digital Alarm Clock,High-quality wireless headphones with noise cancellation,Home Appliances
P1994,Stainless Steel Bottle,Freshly roasted organic coffee beans for rich flavor,Grocery
P1995,Gaming Mouse,Portable Bluetooth speaker with excellent bass and battery life,Home Decor
P1996,Digital Alarm Clock,Double-walled bottle keeps drinks hot or cold for hours,Home Audio
P1997,Wireless Headphones,Freshly roasted organic coffee beans for rich flavor,Kitchen
P1998,Smartphone Case,Shockproof and stylish smartphone case compatible with iPhone and Android,Home Decor
P1999,Bluetooth Speaker,High-precision gaming mouse with customizable DPI settings,Kitchen
